iter	RMSE
0	57.84527864
75	45.50430082
150	42.71930533
225	41.53022066
300	40.85630957
375	40.20358354
450	39.67398617
499	39.29625188
